{"cameraMode":{"drawMode":0,"name":"Shaded","section":"Shading Mode"},"sceneLighting":false,"audioPlay":false,"sceneViewState":{"showFog":true,"showMaterialUpdate":false,"showSkybox":false,"showFlares":true,"showImageEffects":true,"showParticleSystems":true},"in2DMode":false,"pivot":{"x":1.7586207389831544,"y":-15.455429077148438,"z":-26.463977813720704},"rotation":{"x":0.21284741163253785,"y":-0.010259170085191727,"z":0.0022350288927555086,"w":0.9770296216011047},"size":41.981807708740237,"orthographic":false}